,attr_conc.mean,attr_ent.mean,best_node.mean,c1,c2,class_conc.mean,class_ent,cls_coef,density,elite_nn.mean,eq_num_attr,f1.mean,f1v.mean,f2.mean,f3.mean,f4.mean,hubs.mean,joint_ent.mean,l1.mean,l2.mean,l3.mean,leaves,leaves_branch.mean,leaves_corrob.mean,leaves_homo.mean,leaves_per_class.mean,linear_discr.mean,lsc,mut_inf.mean,n1,n2.mean,n3.mean,n4.mean,naive_bayes.mean,nodes,nodes_per_attr,nodes_per_inst,nodes_per_level.mean,nodes_repeated.mean,ns_ratio,one_nn.mean,random_node.mean,t1,t2,t3,t4,tree_depth.mean,tree_imbalance.mean,tree_shape.mean,var_importance.mean,worst_node.mean
0,0.0425134954743595,2.237972363064703,0.5190987190123927,0.8495807562318592,0.2035351979714643,0.0269634946396668,1.6991615124637185,0.5196422266076712,0.9166174292271908,0.3970939235424823,24.40671898121004,0.9886828849176368,0.4578373827897303,0.0,2.282108925712192,0.9546866420715008,0.7216903829798841,3.867515279363494,0.1457737596319442,0.2018471475531998,0.1828808544317127,18107,28.965759098691112,5.522726017562268e-05,1.4880262494347349e+24,0.25,0.5747254821857164,0.9998843978015746,0.0696185961649269,0.7006152747737343,0.0,0.5417567879716931,0.5501774427248483,0.5421557817006584,18106,179.26732673267327,0.3802104113731337,213.0117647058824,184.75510204081635,31.146186311527035,0.4279413630707021,0.5190987190123927,0.7210054387770102,0.0021209130425652,2.099913903529956e-05,0.0099009900990099,27.966586584928063,0.0112844042581349,0.0004446870742254,0.0099009900990099,0.5190987190123927
