,attr_conc.mean,attr_ent.mean,best_node.mean,c1,c2,class_conc.mean,class_ent,cls_coef,density,elite_nn.mean,eq_num_attr,f1.mean,f1v.mean,f2.mean,f3.mean,f4.mean,hubs.mean,joint_ent.mean,l1.mean,l2.mean,l3.mean,leaves,leaves_branch.mean,leaves_corrob.mean,leaves_homo.mean,leaves_per_class.mean,linear_discr.mean,lsc,mut_inf.mean,n1,n2.mean,n3.mean,n4.mean,naive_bayes.mean,nodes,nodes_per_attr,nodes_per_inst,nodes_per_level.mean,nodes_repeated.mean,ns_ratio,one_nn.mean,random_node.mean,t1,t2,t3,t4,tree_depth.mean,tree_imbalance.mean,tree_shape.mean,var_importance.mean,worst_node.mean
0,0.012813204585517431,1.8046655191374825,0.4109026967678571,0.9239234161229549,0.07515353202257213,0.005841709343269563,1.8478468322459098,0.5955433774245291,0.9424960976247077,0.357346466053038,131.42239669737106,0.9952158947798049,0.66009442117479,0.5986818181818182,2.1410036780466872,0.9996183063371175,0.8783834904619283,3.6384519866458573,0.20761865049752895,0.2988308203245199,0.2957779466072175,16970,22.276664702416028,5.892751915144374e-05,1905265913542.6194,0.25,0.3392684715060508,0.9999678534202006,0.014060364737533915,0.7872752684073439,0.0,0.6672066577726955,0.6864557524934883,0.30655121147351994,16969,413.8780487804878,0.539006416364907,424.225,413.8780487804878,127.35125921875677,0.24032453375610255,0.3493408084614103,0.48516612667556064,0.0013023314910107363,3.1764182707578934e-05,0.024390243902439025,21.27735054067592,0.025550718954133286,0.0005655480456363284,0.02439024390243902,0.37599265090105455
